[
    {
      "id": 0,
      "imageUrl": "https://cdn.dodostatic.net/static/Img/Products/27c9bbd0af3a4d1d84a086d9c2f1656d_1875x1875.jpeg",
      "title": "Пепперони Фреш с перцем",
      "types": [0, 1],
      "sizes": [26, 30, 40],
      "price": 803,
      "category": 0,
      "rating": 4
    },
    {
      "id": 1,
      "imageUrl": "https://cdn.dodostatic.net/static/Img/Products/11eefb595a197c24ba932a0ad1144afb_1875x1875.jpeg",
      "title": "Сырная",
      "types": [0],
      "sizes": [26, 40],
      "price": 245,
      "category": 0,
      "rating": 6
    },
    {
      "id": 2,
      "imageUrl": "https://cdn.dodostatic.net/static/Img/Products/45cc8ffb190c4a28aaf1863a67f675c7_1875x1875.jpeg",
      "title": "Цыпленок барбекю",
      "types": [0],
      "sizes": [26, 40],
      "price": 295,
      "category": 1,
      "rating": 4
    },
    {
      "id": 3,
      "imageUrl": "https://media.dodostatic.com/image/r:292x292/11EE8E704FB39CE380173ED1DCA19568.avif",
      "title": "Кисло-сладкий цыпленок",
      "types": [1],
      "sizes": [26, 30, 40],
      "price": 275,
      "category": 2,
      "rating": 2
    },
    {
      "id": 4,
      "imageUrl": "https://media.dodostatic.com/image/r:292x292/11EE8E621A0284A89D4C58BAA47C3935.avif",
      "title": "Чизбургер-пицца",
      "types": [0, 1],
      "sizes": [26, 30, 40],
      "price": 415,
      "category": 3,
      "rating": 8
    },
    {
      "id": 5,
      "imageUrl": "https://dodopizza.azureedge.net/static/Img/Products/Pizza/ru-RU/1e1a6e80-b3ba-4a44-b6b9-beae5b1fbf27.jpg",
      "title": "Крэйзи пепперони",
      "types": [0],
      "sizes": [30, 40],
      "price": 580,
      "category": 2,
      "rating": 2
    },
    {
      "id": 6,
      "imageUrl": "https://dodopizza.azureedge.net/static/Img/Products/Pizza/ru-RU/d2e337e9-e07a-4199-9cc1-501cc44cb8f8.jpg",
      "title": "Пепперони",
      "types": [0, 1],
      "sizes": [26, 30, 40],
      "price": 675,
      "category": 1,
      "rating": 9
    },
    {
      "id": 7,
      "imageUrl": "https://dodopizza.azureedge.net/static/Img/Products/Pizza/ru-RU/d48003cd-902c-420d-9f28-92d9dc5f73b4.jpg",
      "title": "Маргарита",
      "types": [0, 1],
      "sizes": [26, 30, 40],
      "price": 450,
      "category": 4,
      "rating": 10
    },
    {
      "id": 8,
      "imageUrl": "https://dodopizza.azureedge.net/static/Img/Products/Pizza/ru-RU/ec29465e-606b-4a04-a03e-da3940d37e0e.jpg",
      "title": "Четыре сезона",
      "types": [0, 1],
      "sizes": [26, 30, 40],
      "price": 395,
      "category": 5,
      "rating": 10
    },
    {
      "id": 9,
      "imageUrl": "https://dodopizza.azureedge.net/static/Img/Products/Pizza/ru-RU/30367198-f3bd-44ed-9314-6f717960da07.jpg",
      "title": "Овощи и грибы 🌱",
      "types": [0, 1],
      "sizes": [26, 30, 40],
      "price": 285,
      "category": 5,
      "rating": 7
    }
  ]